{"Hyderabad": [68.29027218288846, 25.280141406589085], "Karachi": [67.18569199244182, 24.764033158620197], "Sehwan": [67.6898701985677, 26.485390345255535]}